University Name,Tuition & Fees,Undergraduate Enrollment,Acceptance Rate,SAT Range,ACT Range,Graduation Rate,Student/Faculty Ratio
Princeton University,"$59,710","5,604",6%,1500-1580,34-35,88%,5:1
Massachusetts Institute of Technology,"$60,156","4,657",4%,1520-1580,35-36,89%,3:1
Harvard University,"$59,076","7,240",3%,1490-1580,34-36,87%,7:1
Stanford University,"$62,484","8,049",4%,1500-1580,33-35,73%,6:1
Yale University,"$64,700","6,645",5%,1500-1580,33-35,88%,6:1
University of Pennsylvania,"$66,104","9,760",7%,1500-1570,34-35,88%,8:1
California Institute of Technology,"$63,255",982,3%,N/A,N/A,81%,3:1
Duke University,"$66,172","6,640",6%,1490-1570,34-35,91%,5:1
Brown University,"$68,230","7,639",5%,1490-1580,34-36,85%,6:1
Johns Hopkins University,"$63,340","6,044",7%,1520-1570,34-35,89%,6:1
Northwestern University,"$65,997","8,659",7%,1490-1570,33-35,87%,7:1
Columbia University,"$65,524","8,832",4%,1470-1570,34-35,88%,6:1
Cornell University,"$66,014","15,735",7%,1470-1570,33-35,89%,9:1
University of Chicago,"$65,619","7,470",5%,1500-1580,34-35,89%,5:1
"University of California, Berkeley",,"32,831",11%,N/A,N/A,82%,19:1
"University of California, Los Angeles",,"32,423",9%,N/A,N/A,84%,19:1
Rice University,"$58,128","4,494",9%,1490-1570,34-36,88%,6:1
Dartmouth College,"$65,511","4,458",6%,1500-1580,33-35,84%,7:1
Vanderbilt University,"$63,946","7,151",7%,1490-1570,34-35,89%,7:1
University of Notre Dame,"$62,693","8,971",13%,1420-1550,32-35,94%,9:1
University of Michigan--Ann Arbor,,"32,695",18%,1350-1530,31-34,81%,15:1
Georgetown University,"$65,082","7,900",12%,1390-1560,32-35,91%,11:1
University of North Carolina at Chapel Hill,,"20,210",17%,1350-1530,30-34,85%,15:1
Carnegie Mellon University,"$63,829","7,509",11%,1490-1570,34-35,76%,6:1
Emory University,"$60,774","7,101",11%,1430-1550,32-34,83%,9:1
University of Virginia,,"17,496",19%,1400-1540,32-34,91%,15:1
Washington University in St. Louis,"$62,982","8,132",11%,1500-1570,33-35,88%,7:1
"University of California, Davis",,"31,532",37%,N/A,N/A,66%,21:1
"University of California, San Diego",,"33,096",24%,N/A,N/A,72%,19:1
University of Florida,,"34,552",23%,1300-1490,28-33,72%,16:1
University of Southern California,"$68,237","20,699",12%,1450-1550,32-35,79%,9:1
University of Texas at Austin,,"41,309",31%,N/A,29-34,72%,18:1
Georgia Institute of Technology,,"18,415",17%,1370-1550,31-35,56%,22:1
"University of California, Irvine",,"28,661",21%,N/A,N/A,73%,18:1
New York University,"$60,438","29,401",12%,1470-1570,33-35,78%,8:1
"University of California, Santa Barbara",,"23,460",26%,N/A,N/A,73%,17:1
University of Illinois Urbana-Champaign,,"35,120",45%,1340-1530,29-34,72%,21:1
University of Wisconsin--Madison,,"37,230",49%,1350-1510,28-33,72%,18:1
Boston College,"$67,680","9,484",17%,1435-1540,33-35,88%,11:1
Rutgers University--New Brunswick,,"36,344",66%,1270-1480,28-33,70%,15:1
Tufts University,"$67,844","6,815",10%,1450-1550,33-35,90%,10:1
University of Washington,,"36,872",48%,1300-1520,29-34,71%,21:1
Boston University,"$65,168","18,459",14%,1350-1500,31-34,83%,11:1
The Ohio State University,,"46,123",53%,1310-1480,29-32,69%,17:1
Purdue University--Main Campus,,"37,949",53%,1200-1470,27-34,63%,14:1
"University of Maryland, College Park",,"30,353",44%,1360-1520,30-34,74%,18:1
Lehigh University,"$62,180","5,624",37%,1340-1490,30-33,83%,10:1
Texas A&M University,,"57,512",63%,1150-1390,25-31,61%,19:1
University of Georgia,,"30,714",43%,1220-1420,27-32,71%,17:1
University of Rochester,"$64,384","6,767",39%,1390-1540,31-34,82%,9:1
Virginia Tech,,"30,434",57%,1220-1420,26-32,70%,17:1
Wake Forest University,"$64,758","5,447",21%,1380-1510,31-34,85%,10:1
Case Western Reserve University,"$62,234","6,017",27%,1410-1540,32-35,68%,9:1
Florida State University,,"32,936",25%,1210-1370,26-31,74%,17:1
Northeastern University,"$63,141","16,302",7%,1440-1550,33-35,0%,16:1
"University of Minnesota, Twin Cities",,"39,248",75%,1290-1500,27-32,73%,16:1
William & Mary,,"6,797",33%,1375-1520,32-34,86%,13:1
Stony Brook University--SUNY,,"17,509",49%,1320-1500,28-34,65%,19:1
University of Connecticut,,"18,983",55%,1220-1440,28-33,74%,16:1
Brandeis University,"$62,722","3,687",39%,1340-1520,31-34,82%,11:1
Michigan State University,,"39,201",88%,1100-1340,24-30,63%,17:1
North Carolina State University,,"26,254",47%,1245-1440,24-31,65%,16:1
The Pennsylvania State University--University Park,,"41,745",55%,1210-1390,26-31,69%,15:1
Rensselaer Polytechnic Institute,"$61,884","5,895",65%,1360-1520,30-34,71%,12:1
Santa Clara University,"$59,241","6,115",52%,1290-1480,29-33,85%,12:1
"University of California, Merced",,"8,344",89%,N/A,N/A,44%,19:1
George Washington University,"$64,990","11,482",49%,1330-1490,31-34,79%,12:1
Syracuse University,"$63,061","15,421",52%,1260-1430,28-32,75%,15:1
University of Massachusetts--Amherst,,"24,391",64%,1260-1480,29-33,76%,18:1
University of Miami,"$59,926","12,504",19%,1310-1480,30-33,74%,13:1
University of Pittsburgh,,"19,928",49%,1280-1470,29-33,69%,13:1
Villanova University,"$64,906","6,989",23%,1380-1500,32-34,88%,10:1
Binghamton University--SUNY,,"14,402",42%,1340-1510,29-34,75%,19:1
Indiana University--Bloomington,,"35,660",82%,1180-1400,27-32,72%,18:1
Tulane University,"$65,538","7,350",11%,1370-1510,31-33,81%,8:1
Colorado School of Mines,,"5,733",58%,1330-1490,30-33,66%,17:1
Pepperdine University,"$66,742","3,662",49%,1285-1480,28-32,76%,13:1
Stevens Institute of Technology,"$60,952","3,988",46%,1380-1510,31-34,65%,11:1
University at Buffalo--SUNY,,"20,761",68%,1190-1380,25-32,59%,12:1
"University of California, Riverside",,"22,903",69%,N/A,N/A,62%,24:1
University of Delaware,,"18,883",72%,1190-1360,26-31,73%,12:1
Rutgers University--Newark,,"7,511",74%,1030-1270,21-28,39%,13:1
"University of California, Santa Cruz",,"17,502",47%,N/A,N/A,62%,23:1
University of Illinois--Chicago,,"21,807",79%,1110-1340,24-30,40%,18:1
Worcester Polytechnic Institute,"$58,870","5,246",57%,N/A,N/A,82%,13:1
Clemson University,,"22,566",43%,1220-1410,28-32,66%,16:1
Marquette University,"$48,700","7,528",87%,1170-1360,26-31,66%,13:1
New Jersey Institute of Technology,,"9,019",66%,1190-1450,27-33,48%,15:1
Fordham University,"$61,567","10,098",54%,1320-1480,30-33,79%,14:1
Southern Methodist University,"$64,460","7,056",52%,1370-1510,31-34,75%,11:1
Temple University,,"24,106",80%,1120-1370,24-31,62%,12:1
University of South Florida,,"38,046",44%,1140-1330,24-29,61%,22:1
Auburn University,,"25,379",44%,1240-1390,25-31,56%,20:1
Baylor University,"$54,844","15,213",46%,1230-1410,28-33,68%,15:1
Gonzaga University,"$53,500","5,084",70%,1210-1410,26-31,80%,12:1
Loyola Marymount University,"$58,489","7,299",41%,1300-1460,29-32,74%,11:1
University of Iowa,,"21,973",86%,1130-1340,22-28,55%,16:1
Drexel University,"$60,663","12,482",80%,1230-1430,27-32,31%,9:1
Illinois Institute of Technology,"$51,763","3,125",61%,1220-1410,28-32,38%,13:1
Rochester Institute of Technology,"$57,016","13,940",67%,1270-1450,29-33,29%,13:1
Rutgers University--Camden,,"4,185",77%,1030-1280,25-30,45%,13:1
Texas Christian University,"$57,220","10,523",56%,1140-1360,26-31,73%,14:1
University of Oregon,,"19,565",86%,1140-1370,24-30,61%,19:1
University of San Diego,"$56,444","5,669",53%,N/A,N/A,71%,12:1
American University,"$56,544","7,917",41%,1290-1435,29-33,74%,11:1
Arizona State University,,"65,492",90%,1120-1370,19-27,54%,19:1
California State University--Long Beach,,"32,711",40%,N/A,N/A,38%,28:1
CUNY--City College,,"11,929",62%,N/A,N/A,22%,13:1
George Mason University,,"27,014",90%,1140-1350,25-31,49%,16:1
Saint Louis University,"$53,244","7,426",85%,1210-1400,26-31,73%,9:1
San Diego State University,,"31,724",39%,N/A,N/A,54%,24:1
University of Colorado Boulder,,"31,103",79%,1160-1390,26-31,57%,18:1
"University of Tennessee, Knoxville",,"27,039",68%,1170-1330,25-31,54%,18:1
Yeshiva University,"$49,900","2,207",63%,1250-1500,26-33,77%,7:1
Brigham Young University,"$6,496","31,401",67%,1280-1468,27-32,26%,21:1
Howard University,"$33,344","9,809",53%,1050-1290,20-26,61%,14:1
Iowa State University of Science and Technology,,"25,241",90%,1090-1350,21-28,52%,19:1
SUNY College of Environmental Science and Forestry,,"1,621",70%,N/A,N/A,68%,12:1
University of Arizona,,"40,407",87%,1140-1370,21-29,54%,18:1
University of New Hampshire,,"11,480",87%,1120-1320,26-31,70%,16:1
University of San Francisco,"$58,222","6,018",71%,1210-1410,27-31,67%,13:1
The University of Texas at Dallas,,"21,617",85%,1170-1430,24-32,56%,25:1
University of Utah,,"26,355",89%,1190-1390,22-29,35%,18:1
Creighton University,"$47,000","4,290",76%,1208-1420,24-31,72%,12:1
Fairfield University,"$56,360","4,757",52%,1240-1370,28-31,82%,12:1
Florida International University,,"45,442",64%,1060-1250,21-26,48%,21:1
James Madison University,,"20,346",78%,1140-1320,23-29,78%,16:1
University of Central Florida,,"58,749",41%,1200-1360,25-29,48%,29:1
University of Denver,"$59,340","6,160",78%,1220-1400,28-32,70%,8:1
University of Missouri,,"23,752",79%,1140-1340,23-30,55%,18:1
University of Oklahoma,,"21,294",73%,1130-1330,23-29,53%,16:1
University of South Carolina,,"27,343",64%,1180-1380,27-32,69%,18:1
California State University--Fullerton,,"35,239",67%,910-1190,18-27,33%,24:1
Chapman University,"$62,784","7,869",73%,1200-1400,26-31,76%,13:1
Elon University,"$44,536","6,337",74%,1170-1360,25-30,79%,11:1
Miami University--Oxford,,"16,865",88%,1160-1370,24-29,73%,15:1
University at Albany--SUNY,,"12,264",68%,1120-1320,22-31,58%,17:1
University of Dayton,"$47,600","8,416",74%,1150-1360,23-30,66%,15:1
University of Houston,,"37,943",66%,1160-1330,23-29,39%,21:1
"University of Maryland, Baltimore County",,"10,625",81%,1210-1400,23-29,47%,18:1
University of Vermont,,"11,898",60%,1260-1430,28-32,65%,19:1
Clarkson University,"$57,950","2,668",78%,1190-1370,25-30,64%,12:1
Clark University,"$55,187","2,389",50%,1250-1430,28-33,72%,9:1
Loyola University Chicago,"$51,706","11,703",79%,1190-1370,27-32,67%,13:1
Oregon State University,,"28,905",83%,1130-1380,22-30,46%,19:1
Thomas Jefferson University,"$45,733","3,771",87%,1120-1330,26-31,54%,12:1
University of Alabama at Birmingham,,"13,032",87%,1200-1410,23-30,44%,19:1
University of Cincinnati,,"29,989",86%,1160-1360,24-29,38%,18:1
University of the Pacific,"$55,340","3,294",93%,1120-1423,25-33,47%,14:1
Virginia Commonwealth University,,"20,958",91%,1030-1290,22-30,44%,16:1
Colorado State University,,"26,062",91%,1070-1290,23-29,48%,17:1
DePaul University,"$44,460","14,134",70%,1070-1300,24-30,58%,17:1
Duquesne University,"$47,146","5,095",87%,1160-1330,25-31,68%,13:1
Michigan Technological University,,"5,710",86%,1130-1350,24-30,33%,13:1
Seton Hall University,"$51,370","6,012",75%,1230-1390,28-31,66%,14:1
Simmons University,"$45,538","1,789",76%,1200-1390,28-32,59%,7:1
University of Kansas,,"19,241",88%,1090-1340,21-28,53%,17:1
University of Rhode Island,,"13,927",76%,1050-1270,25-30,57%,17:1
Stockton University,,"8,138",86%,1050-1250,18-25,62%,16:1
University of Kentucky,,"22,735",95%,1070-1290,21-28,52%,17:1
University of Massachusetts--Lowell,,"12,391",86%,1170-1360,25-31,49%,17:1
University of Nebraska -- Lincoln,,"19,189",79%,1110-1340,22-28,46%,16:1
Adelphi University,"$47,290","5,055",73%,1110-1310,22-29,58%,12:1
Montclair State University,,"17,290",91%,950-1200,N/A,46%,17:1
Rowan University,,"15,264",77%,1090-1300,23-31,49%,16:1
Seattle University,"$54,285","4,099",85%,1190-1390,24-30,68%,11:1
St. John's University (NY),"$50,110","15,652",85%,1110-1310,24-29,55%,15:1
University of Mississippi,,"17,302",97%,1030-1220,22-29,54%,16:1
University of St. Thomas (MN),"$52,284","5,942",78%,1120-1350,21-28,70%,13:1
California State University--San Bernardino,,"16,813",91%,N/A,17-22,25%,23:1
Florida A&M University,,"7,709",33%,1040-1170,20-24,35%,15:1
Kansas State University,,"15,046",95%,N/A,20-27,47%,18:1
Mercer University,"$40,890","4,859",75%,1190-1360,26-31,67%,13:1
Quinnipiac University,"$53,090","6,073",84%,1120-1300,24-29,73%,11:1
The University of Alabama,,"32,458",80%,1130-1410,23-31,55%,19:1
University of Hawaii at Manoa,,"14,198",73%,1070-1290,18-24,37%,14:1
University of La Verne,"$48,300","2,414",75%,970-1303,18-25,53%,12:1
The Catholic University of America,"$55,834","3,011",86%,1110-1340,22-29,73%,9:1
Drake University,"$50,114","2,835",67%,1110-1340,25-30,70%,10:1
Ohio University,,"17,860",87%,1080-1270,22-27,49%,18:1
San Francisco State University,,"21,868",91%,N/A,N/A,49%,20:1
University of Arkansas,,"26,269",79%,1030-1220,21-29,53%,20:1
University of North Carolina--Charlotte,,"23,461",80%,1070-1290,20-26,48%,20:1
Washington State University,,"22,612",83%,N/A,N/A,41%,14:1
Bradley University,"$39,680","4,143",75%,1050-1280,24-30,58%,12:1
"California State University, Fresno",,"21,305",95%,880-1140,16-24,21%,21:1
Hofstra University,"$55,450","6,110",69%,1190-1370,26-31,59%,13:1
Louisiana State University--Baton Rouge,,"30,952",76%,1140-1320,23-28,47%,20:1
Missouri University of Science and Technology,,"5,501",81%,1173-1370,25-31,24%,18:1
Oklahoma State University,,"20,801",71%,1010-1250,20-27,46%,18:1
Samford University,"$38,144","3,672",83%,1080-1270,23-29,69%,14:1
St. John Fisher University,"$39,666","2,629",73%,1090-1260,23-29,64%,12:1
University of Detroit Mercy,"$31,058","3,156",91%,960-1208,21-26,53%,11:1
University of Idaho,,"8,809",74%,990-1250,20-27,35%,17:1
East Carolina University,,"21,688",92%,1040-1240,18-24,45%,18:1
Russell Sage College,"$36,756","1,126",74%,900-1160,15-25,62%,10:1
Touro University,"$21,810","4,860",71%,1220-1428,25-32,54%,9:1
University of Louisville,,"15,921",80%,1070-1270,19-27,43%,13:1
"University of Nevada, Reno",,"16,973",86%,1060-1300,19-26,41%,18:1
University of Tulsa,"$48,102","2,647",69%,1070-1350,21-30,60%,10:1
Indiana University-Purdue University--Indianapolis,,"17,727",83%,1050-1250,21-27,39%,13:1
La Salle University,"$35,520","2,776",94%,N/A,N/A,57%,12:1
The New School,"$56,244","7,208",57%,N/A,N/A,57%,14:1
Robert Morris University,"$34,740","2,782",94%,N/A,N/A,53%,13:1
University of North Carolina--Wilmington,,"14,294",69%,1220-1370,24-29,59%,17:1
Valparaiso University,"$46,588","2,349",94%,1140-1360,27-30,62%,13:1
Wayne State University,,"16,116",75%,980-1230,20-28,34%,16:1
Xavier University,"$48,125","4,860",84%,1120-1310,23-30,67%,10:1
Chatham University,"$43,810","1,499",66%,1060-1270,21-29,62%,10:1
Florida Atlantic University,,"24,229",81%,1020-1200,20-25,48%,22:1
Illinois State University,,"18,055",86%,1000-1210,21-27,51%,19:1
Pacific University,"$54,466","1,639",92%,1010-1350,20-26,58%,10:1
Sacred Heart University,"$48,460","6,782",66%,1140-1280,26-29,69%,16:1
University of Massachusetts--Dartmouth,,"5,517",96%,1020-1260,22-31,39%,15:1
West Chester University of Pennsylvania,,"14,392",88%,1080-1260,23-30,51%,20:1
Ball State University,,"14,416",69%,1090-1260,23-28,50%,15:1
The College of St. Scholastica,"$40,454","1,938",83%,1088-1180,22-27,58%,10:1
Mississippi State University,,"18,305",70%,1070-1280,21-29,41%,16:1
Springfield College,"$43,707","2,005",76%,1100-1300,26-31,67%,11:1
St. Catherine University,"$49,758","2,416",93%,1155-1450,18-26,48%,10:1
Texas Tech University,,"32,579",67%,1090-1280,23-28,41%,21:1
University of Massachusetts--Boston,,"12,221",81%,1080-1300,24-29,28%,16:1
University of North Carolina at Greensboro,,"14,198",92%,1110-1280,22-27,36%,17:1
University of St. Thomas (TX),"$33,660","2,729",97%,1010-1300,24-29,39%,13:1
University of Wyoming,,"8,518",96%,1030-1240,20-27,39%,13:1
West Virginia University,,"19,059",77%,1000-1220,20-26,43%,17:1
Georgia State University,,"28,927",61%,940-1190,19-26,34%,26:1
Kent State University,,"20,418",88%,1000-1210,18-25,50%,19:1
Misericordia University,"$38,370","1,777",76%,1000-1240,22-23,68%,9:1
Nova Southeastern University,"$37,080","6,971",76%,1040-1310,20-27,56%,18:1
University of Alabama at Huntsville,,"7,169",78%,1226-1430,25-31,39%,17:1
University of Texas Rio Grande Valley,,"26,434",87%,910-1120,16-22,29%,19:1
Western Carolina University,,"9,956",85%,1020-1240,19-26,43%,16:1
Widener University,"$53,638","2,555",88%,1105-1290,N/A,56%,10:1
Grand Valley State University,,"19,379",92%,N/A,N/A,41%,15:1
Azusa Pacific University,"$42,330","2,588",87%,1045-1280,23-28,48%,13:1
Belmont University,"$41,320","7,376",96%,1150-1340,24-30,65%,12:1
Bethel University (MN),"$42,930","2,533",72%,N/A,20-28,67%,13:1
Biola University,"$46,704","3,499",58%,1105-1365,23-30,59%,11:1
Gallaudet University,"$18,254",914,59%,753-1091,14-20,16%,6:1
Lipscomb University,"$38,824","2,955",71%,1130-1320,23-30,60%,13:1
University of Colorado Denver,,"14,055",75%,1030-1260,21-27,23%,17:1
University of New Mexico,,"15,914",96%,N/A,18-25,35%,13:1
University of North Dakota,,"9,928",83%,1090-1280,20-26,42%,17:1
University of North Florida,,"14,171",71%,1010-1220,18-25,49%,19:1
The University of Texas at Arlington,,"30,791",81%,1000-1240,18-26,31%,24:1
Western New England University,"$46,430","2,406",88%,1090-1280,24-29,62%,12:1
Keiser University,"$36,020","16,960",97%,N/A,N/A,54%,15:1
Maryville University of St. Louis,"$27,166","5,809",88%,960-1210,19-25,56%,13:1
North Dakota State University,,"10,096",96%,968-1216,19-25,43%,16:1
Northern Arizona University,,"23,207",80%,1050-1270,19-25,47%,20:1
Pace University,"$51,424","8,223",83%,1120-1300,24-29,50%,14:1
Sam Houston State University,,"18,235",85%,960-1140,18-24,34%,21:1
Suffolk University,"$45,380","4,437",87%,1100-1300,25-30,46%,13:1
Tennessee Tech University,,"8,537",77%,1000-1240,21-27,39%,18:1
Union University,"$38,300","1,899",53%,1100-1370,23-30,58%,9:1
University of Maine,,"9,774",94%,1060-1280,22-30,40%,15:1
University of Wisconsin--La Crosse,,"9,352",82%,1115-1290,21-26,46%,20:1
Central Michigan University,,"10,421",79%,980-1220,21-27,36%,17:1
Gannon University,"$36,676","2,991",81%,1030-1263,21-27,55%,13:1
Gwynedd Mercy University,"$38,310","1,412",90%,1015-1235,25-28,54%,9:1
Loyola University New Orleans,"$47,240","3,289",78%,N/A,N/A,58%,14:1
Regis University,"$43,980","2,398",78%,1010-1220,20-27,53%,9:1
University of Missouri--St. Louis,,"12,431",51%,1040-1210,20-26,31%,14:1
University of New England,"$42,550","3,718",96%,N/A,N/A,55%,12:1
University of North Texas,,"33,024",79%,1000-1240,19-27,42%,26:1
Winston-Salem State University,,"4,726",81%,880-1040,15-19,28%,16:1
Florida Institute of Technology,"$44,360","3,374",64%,1120-1320,22-28,50%,14:1
George Fox University,"$40,940","2,534",92%,1020-1290,22-28,61%,16:1
Lincoln Memorial University,"$26,150","1,560",79%,982-1190,18-24,40%,9:1
Northern Illinois University,,"11,429",71%,N/A,N/A,33%,14:1
Seattle Pacific University,"$38,814","2,428",91%,1080-1350,20-27,53%,12:1
University of Memphis,,"16,708",95%,930-1230,17-24,28%,17:1
University of Missouri--Kansas City,,"10,190",69%,1245-1550,21-30,36%,14:1
"University of Nevada, Las Vegas",,"25,365",85%,1000-1220,18-24,22%,18:1
University of South Dakota,,"7,132",99%,1020-1300,19-25,44%,16:1
Utah State University,,"24,835",94%,1050-1320,20-27,29%,19:1
Wilkes University,"$42,286","2,000",94%,1060-1260,21-26,47%,13:1
Bellarmine University,"$46,780","2,343",88%,1100-1290,21-27,53%,12:1
Bowling Green State University,,"13,853",79%,990-1200,20-25,47%,17:1
California State University--East Bay,,"12,114",82%,N/A,N/A,12%,24:1
Clarke University,"$39,600",785,67%,890-1150,18-23,51%,9:1
DeSales University,"$44,800","2,231",77%,1100-1280,23-29,61%,11:1
Hampton University,"$29,312","2,794",45%,840-1220,17-27,40%,11:1
Immaculata University,"$28,550","1,508",70%,1090-1260,N/A,50%,10:1
Marian University (IN),"$39,100","2,860",94%,N/A,N/A,42%,13:1
North Carolina Agricultural and Technical State University,,"11,833",56%,960-1140,17-23,34%,19:1
Oklahoma City University,"$33,586","1,361",70%,1080-1260,20-26,60%,9:1
Old Dominion University,,"18,375",95%,1090-1250,22-27,25%,16:1
Portland State University,,"16,864",93%,1070-1300,18-27,32%,17:1
Southern Illinois University--Carbondale,,"8,000",91%,900-1140,19-27,35%,11:1
Texas State University,,"33,834",88%,980-1180,19-26,35%,22:1
University of St. Francis,"$37,000","1,417",58%,980-1180,22-30,47%,14:1
University of Texas at San Antonio,,"29,654",87%,1010-1220,19-26,32%,26:1
University of Toledo,,"11,965",92%,1060-1280,21-28,33%,18:1
Alvernia University,"$42,810","2,018",59%,995-1170,N/A,44%,12:1
Edgewood College,"$33,550","1,233",95%,N/A,N/A,42%,12:1
New Mexico State University,,"11,591",78%,900-1140,17-23,29%,16:1
Saint Mary's University of Minnesota,"$43,160","1,100",97%,N/A,21-28,53%,17:1
South Dakota State University,,"9,921",86%,1020-1240,19-25,42%,18:1
Southeastern Baptist Theological Seminary,"$10,234",775,90%,N/A,N/A,37%,9:1
University of the Incarnate Word,"$35,660","4,724",93%,910-1140,15-23,34%,13:1
Aurora University,"$27,420","4,114",86%,960-1130,19-24,46%,20:1
Montana State University,,"14,648",73%,1070-1300,20-27,31%,18:1
Concordia University Wisconsin,"$34,250","2,817",70%,N/A,20-27,56%,12:1
Ferris State University,,"9,000",88%,910-1150,18-23,34%,15:1
Florida Gulf Coast University,,"14,137",74%,1040-1200,20-25,41%,21:1
Harding University,"$24,888","3,523",45%,1040-1300,20-28,53%,13:1
Louisiana Tech University,,"10,083",82%,1120-1315,22-28,42%,19:1
Middle Tennessee State University,,"17,438",73%,1020-1230,19-26,35%,16:1
Oakland City University,"$27,150",699,78%,895-1150,17-23,31%,11:1
Radford University,,"6,008",93%,960-1160,19-23,38%,12:1
Shenandoah University,"$36,028","2,461",74%,1100-1290,24-30,59%,10:1
University of Hartford,"$47,648","3,969",83%,1090-1300,22-29,45%,8:1
University of Houston--Clear Lake,,"6,254",70%,990-1173,18-23,30%,15:1
University of Indianapolis,"$36,136","3,613",76%,960-1180,19-26,49%,11:1
University of Nebraska Omaha,,"12,026",86%,N/A,18-26,25%,15:1
The University of Texas at El Paso,,"20,165",100%,870-1090,16-22,18%,19:1
Western Michigan University,,"14,397",85%,990-1220,19-27,28%,16:1
Abilene Christian University,"$42,380","3,189",66%,1030-1250,20-27,49%,13:1
Andrews University,"$33,710","1,295",91%,1092-1365,20-29,46%,10:1
Campbell University,"$40,410","2,965",89%,1000-1220,19-25,42%,13:1
Cleveland State University,,"9,950",85%,N/A,18-25,33%,17:1
D'Youville University,"$33,540","1,399",94%,1030-1225,21-26,37%,8:1
East Tennessee State University,,"10,553",85%,980-1190,19-26,39%,16:1
Indiana University of Pennsylvania,,"7,047",92%,940-1150,17-23,38%,15:1
Kean University,,"10,845",83%,900-1163,16-25,31%,16:1
Marymount University,"$38,250","2,275",81%,N/A,N/A,47%,12:1
St. Ambrose University,"$35,598","2,120",74%,940-1200,20-26,58%,12:1
University of Puerto Rico--Rio Piedras,,"10,207",50%,N/A,N/A,16%,13:1
Augusta University,,"5,396",86%,N/A,19-26,29%,16:1
Boise State University,,"22,962",84%,950-1200,20-27,38%,20:1
Marshall University,,"7,962",91%,910-1140,18-24,34%,17:1
The Master's University and Seminary,"$32,870","1,765",78%,N/A,N/A,67%,15:1
Morgan State University,,"7,609",85%,880-1060,16-21,22%,17:1
Oakland University,,"12,841",90%,930-1190,17-26,33%,17:1
Southern Illinois University Edwardsville,,"9,321",98%,930-1160,19-26,34%,14:1
Texas Woman's University,,"10,150",94%,930-1140,16-22,26%,16:1
University of Findlay,"$40,186","3,906",86%,1020-1250,20-26,50%,13:1
University of Wisconsin--Milwaukee,,"18,751",95%,N/A,18-25,25%,16:1
University of Wisconsin--Oshkosh,,"11,773",89%,N/A,18-23,27%,20:1
Wichita State University,,"12,696",68%,953-1260,19-26,32%,20:1
Lesley University,"$31,364","1,757",87%,N/A,N/A,49%,10:1
Missouri State University,,"18,837",94%,1010-1200,20-26,38%,19:1
Baker University,"$33,800","1,187",92%,1000-1200,17-23,39%,11:1
Concordia University -- Irvine,"$41,390","1,699",69%,1030-1260,21-29,54%,14:1
Daemen University,"$33,724","1,782",73%,1123-1205,N/A,43%,14:1
University of Louisiana at Lafayette,,"12,950",75%,1125-1250,23-27,25%,19:1
University of Lynchburg,"$35,540","1,589",96%,1000-1230,21-28,54%,10:1
University of Tennessee at Chattanooga,,"9,884",83%,1023-1210,20-26,36%,17:1
Eastern Kentucky University,,"12,072",98%,940-1185,17-24,39%,16:1
Georgia Southern University,,"22,003",89%,950-1150,18-23,31%,22:1
Point Park University,"$48,070","2,418",82%,1030-1245,19-26,53%,11:1
Texas A&M University--Kingsville,,"4,845",97%,890-1110,16-21,28%,16:1
University of Hawaii at Hilo,,"2,593",51%,960-1200,16-21,26%,13:1
University of Northern Colorado,,"6,728",84%,990-1200,20-27,37%,15:1
University of Southern Mississippi,,"10,258",99%,N/A,19-27,37%,15:1
Walsh University,"$34,595","1,558",72%,1030-1320,20-26,47%,14:1
Gardner-Webb University,"$33,230","1,983",79%,960-1215,18-24,36%,11:1
William Carey University,"$14,685","3,337",57%,980-1320,21-29,38%,13:1
Arkansas State University,,"8,201",70%,980-1200,19-25,38%,15:1
Carson-Newman University,"$34,700","1,528",80%,980-1143,19-26,49%,12:1
Clark Atlanta University,"$26,446","3,427",56%,860-1053,17-20,35%,17:1
Husson University,"$22,194","2,453",91%,1020-1210,N/A,42%,16:1
The University of Akron,,"11,323",83%,980-1230,18-25,27%,16:1
University of Montana,,"7,215",95%,1080-1278,19-26,29%,18:1
The University of Texas at Tyler,,"6,971",94%,1000-1220,19-24,31%,15:1
Western Kentucky University,,"14,440",97%,980-1170,18-25,40%,18:1
Dominican University New York,"$33,060","1,097",89%,953-1178,N/A,40%,13:1
Long Island University,"$41,492","11,319",93%,1100-1330,23-29,36%,13:1
Mississippi College,"$21,698","2,396",40%,N/A,21-28,50%,13:1
Regent University,"$20,685","4,552",32%,1030-1250,19-25,45%,21:1
Texas A&M University--Commerce,,"7,201",42%,913-1150,16-23,27%,16:1
University of Louisiana at Monroe,,"6,472",72%,968-1333,20-25,35%,17:1
"University of Maryland, Eastern Shore",,"1,933",81%,840-1040,17-22,21%,10:1
Dallas Baptist University,"$38,140","2,968",91%,970-1200,19-25,45%,14:1
Eastern Michigan University,,"11,617",83%,930-1180,18-25,22%,15:1
Mount St. Joseph University,"$34,900","1,423",54%,1068-1233,21-27,43%,9:1
Tarleton State University,,"12,012",57%,950-1150,18-24,46%,19:1
University of Mary,"$21,062","2,579",79%,N/A,N/A,51%,15:1
Wingate University,"$41,516","2,510",86%,960-1180,18-25,46%,15:1
Pontifical Catholic University of Puerto Rico--Ponce,"$5,920","4,473",85%,N/A,N/A,13%,22:1
Indiana State University,,"6,965",92%,915-1140,17-24,33%,16:1
Northern Kentucky University,,"10,776",86%,1030-1290,19-25,34%,17:1
Palm Beach Atlantic University,"$35,900","3,028",95%,1000-1240,19-26,46%,11:1
Trevecca Nazarene University,"$27,300","1,867",71%,1010-1250,18-25,53%,22:1
University of South Alabama,,"8,491",65%,1003-1200,20-26,32%,17:1
University of West Georgia,,"8,687",80%,930-1140,17-22,25%,16:1
University of Alaska--Fairbanks,,"5,844",65%,1110-1360,17-27,26%,12:1
University of Bridgeport,"$35,760","1,873",73%,950-1130,N/A,34%,11:1
Roosevelt University,"$20,280","2,391",88%,860-1120,21-27,37%,11:1
Saint Leo University,"$28,360","2,336",80%,930-1150,19-25,39%,18:1
University of Arkansas at Little Rock,,"6,236",56%,770-1200,18-24,24%,11:1
University of Michigan--Flint,,"4,609",66%,930-1220,20-28,19%,13:1
Williams College,"$64,860","2,152",8%,1480-1570,34-35,88%,7:1
Amherst College,"$67,280","1,898",7%,N/A,32-35,85%,7:1
United States Naval Academy,1,"4,450",11%,1200-1440,25-32,88%,8:1
Pomona College,"$62,326","1,791",7%,1480-1560,33-35,87%,8:1
Swarthmore College,"$62,412","1,625",7%,1440-1560,32-35,90%,8:1
Wellesley College,"$64,320","2,447",14%,1430-1550,33-35,82%,8:1
United States Air Force Academy,3,"4,085",13%,1310-1480,28-33,87%,7:1
United States Military Academy at West Point,N/A,"4,393",12%,1220-1450,27-33,85%,7:1
Bowdoin College,"$64,910","1,915",9%,1460-1560,33-35,88%,9:1
Carleton College,"$65,457","2,034",17%,1430-1550,32-35,88%,8:1
Barnard College,"$66,246","3,442",9%,1440-1550,32-34,87%,10:1
Claremont McKenna College,"$64,150","1,386",10%,1440-1550,33-35,83%,8:1
Grinnell College,"$64,862","1,759",11%,1380-1530,31-34,84%,9:1
Middlebury College,"$65,280","2,773",13%,1410-1540,33-35,86%,9:1
Wesleyan University,"$67,016","3,069",14%,1440-1550,33-35,89%,7:1
Davidson College,"$60,050","1,927",17%,1350-1500,31-33,88%,9:1
Hamilton College,"$65,740","2,075",12%,1420-1540,33-34,89%,9:1
Harvey Mudd College,"$66,255",906,13%,1480-1560,34-36,88%,9:1
Smith College,"$61,568","2,523",23%,1370-1520,31-34,83%,8:1
Vassar College,"$67,805","2,459",19%,1430-1535,32-34,88%,8:1
Colgate University,"$67,024","3,130",12%,1410-1530,32-34,88%,9:1
Haverford College,"$68,020","1,421",14%,1430-1540,33-35,83%,9:1
Washington and Lee University,"$64,525","1,867",17%,1410-1533,32-34,92%,8:1
Bates College,"$63,478","1,790",14%,1310-1505,31-33,88%,10:1
Colby College,"$66,600","2,299",8%,1430-1540,32-34,84%,10:1
University of Richmond,"$62,600","3,145",24%,1400-1530,32-34,83%,8:1
College of the Holy Cross,"$60,850","3,233",36%,1260-1430,28-32,89%,10:1
Macalester College,"$64,908","2,175",28%,1370-1520,31-34,83%,10:1
Berea College,$726,"1,433",25%,1136-1298,23-27,51%,8:1
Bryn Mawr College,"$62,560","1,409",31%,1280-1500,29-35,78%,8:1
Bucknell University,"$64,772","3,747",33%,1310-1470,30-33,82%,9:1
Lafayette College,"$61,824","2,729",34%,1330-1480,30-33,86%,10:1
Colorado College,"$65,028","2,241",14%,N/A,N/A,82%,9:1
Mount Holyoke College,"$64,142","2,193",40%,1350-1540,30-34,78%,9:1
Franklin & Marshall College,"$68,380","1,990",36%,1300-1440,30-32,81%,10:1
Occidental College,"$63,446","1,942",39%,1360-1510,31-34,77%,9:1
Scripps College,"$63,434","1,081",28%,1390-1510,32-34,77%,10:1
Skidmore College,"$64,880","2,758",26%,1300-1460,30-33,81%,8:1
Denison University,"$64,000","2,330",22%,1270-1460,29-32,82%,9:1
Hillsdale College,"$32,092","1,573",21%,1360-1520,30-34,76%,8:1
Kenyon College,"$69,330","1,885",34%,1370-1520,31-34,84%,10:1
Pitzer College,"$62,692","1,212",18%,N/A,N/A,79%,10:1
Spelman College,"$30,058","2,374",28%,1090-1300,22-27,67%,11:1
Trinity College,"$67,420","2,167",36%,1300-1470,30-32,80%,8:1
Union College (NY),"$66,456","2,107",47%,1310-1490,29-33,80%,9:1
Connecticut College,"$64,812","1,948",40%,1360-1490,30-33,79%,10:1
DePauw University,"$57,070","1,752",66%,1140-1360,24-31,73%,9:1
Dickinson College,"$63,450","2,125",35%,1260-1426,29-32,80%,9:1
Furman University,"$58,312","2,283",67%,1260-1455,28-33,78%,9:1
Whitman College,"$61,492","1,493",48%,1293-1473,30-33,83%,9:1
Centre College,"$50,550","1,357",62%,1195-1470,26-34,85%,10:1
Oberlin College and Conservatory,"$64,646","2,986",35%,1360-1530,30-33,72%,9:1
Principia College,"$33,280",314,48%,1027-1190,16-26,71%,5:1
St. Olaf College,"$56,970","3,046",56%,1300-1480,28-33,82%,12:1
The University of the South,"$53,704","1,613",52%,1233-1380,27-32,74%,10:1
Rhodes College,"$54,892","1,996",48%,1305-1465,28-32,82%,9:1
Soka University of America,"$37,450",445,57%,1240-1440,26-27,85%,7:1
Wheaton College (IL),"$43,930","2,187",89%,1250-1430,28-33,79%,10:1
St. Lawrence University,"$63,870","2,145",63%,1240-1410,29-32,80%,11:1
Trinity University,"$51,352","2,512",31%,1310-1470,29-33,67%,9:1
Wabash College,"$49,125",835,61%,1122-1320,22-30,73%,9:1
Wofford College,"$54,100","1,823",60%,1200-1353,27-31,80%,11:1
Agnes Scott College,"$48,150","1,006",67%,1130-1350,24-31,69%,11:1
Gettysburg College,"$64,230","2,241",56%,1350-1440,28-32,78%,10:1
Virginia Military Institute,,"1,512",71%,1105-1300,22-29,65%,9:1
Gustavus Adolphus College,"$54,310","2,088",74%,N/A,25-31,76%,11:1
Reed College,"$64,760","1,548",44%,N/A,N/A,61%,9:1
Thomas Aquinas College,"$28,700",516,85%,1215-1400,27-32,81%,9:1
Hobart and William Smith Colleges,"$63,268","1,559",68%,1210-1400,27-32,68%,9:1
Kalamazoo College,"$56,562","1,210",80%,1200-1370,26-32,71%,11:1
Muhlenberg College,"$60,240","1,945",66%,1200-1400,29-33,83%,8:1
Bard College,"$60,270","2,171",60%,N/A,N/A,57%,9:1
College of St. Benedict,"$53,884","1,443",88%,1055-1245,20-27,74%,12:1
Lake Forest College,"$54,202","1,727",60%,1155-1340,26-31,74%,13:1
Allegheny College,"$54,960","1,353",64%,1114-1372,23-30,59%,9:1
The College of Wooster,"$59,550","1,967",56%,1250-1450,27-32,70%,11:1
Knox College,"$55,587","1,060",73%,1163-1396,27-32,66%,10:1
Lawrence University,"$55,461","1,426",72%,1210-1460,27-32,62%,8:1
St. John's College (MD),"$39,126",462,50%,1250-1460,30-33,72%,7:1
Wheaton College (MA),"$62,080","1,667",80%,1200-1400,27-32,77%,11:1
Willamette University,"$48,226","1,367",81%,1230-1420,27-33,68%,11:1
Juniata College,"$56,402","1,177",76%,1120-1330,26-30,66%,11:1
Saint Mary's College,"$51,430","1,406",84%,1030-1270,23-30,68%,10:1
St. John's University (MN),"$53,942","1,528",86%,915-1185,21-26,69%,11:1
St. Mary's College of Maryland,,"1,513",77%,1130-1370,28-30,60%,10:1
Beloit College,"$58,554",964,66%,1190-1360,26-31,65%,9:1
Stonehill College,"$52,300","2,536",73%,N/A,N/A,75%,12:1
Ursinus College,"$59,176","1,527",82%,1180-1380,28-32,69%,10:1
Saint Anselm College,"$46,800","1,959",82%,1120-1290,26-30,82%,11:1
Southwestern University,"$50,858","1,483",45%,1120-1360,24-30,64%,11:1
University of Puget Sound,"$59,900","1,712",83%,1170-1390,26-32,70%,9:1
Washington & Jefferson College,"$28,185","1,149",88%,1010-1250,19-28,69%,10:1
Austin College,"$46,025","1,169",55%,1130-1360,23-29,67%,12:1
Drew University,"$43,824","1,549",73%,1120-1340,26-28,64%,12:1
Lewis & Clark College,"$62,350","2,210",69%,1260-1400,29-32,67%,13:1
St. John's College (NM),"$39,356",366,54%,1290-1470,30-32,63%,7:1
St. Norbert College,"$44,432","1,814",84%,1010-1270,21-27,69%,12:1
Washington College,"$54,266",955,75%,1190-1390,25-29,67%,8:1
Whittier College,"$49,864","1,131",94%,1140-1340,24-30,60%,10:1
Antioch College,"$37,143",127,83%,N/A,19-26,18%,6:1
Augustana College,"$49,834","2,318",61%,1020-1250,21-28,74%,11:1
Earlham College,"$51,840",612,73%,1130-1380,24-32,66%,6:1
Hope College,"$37,221","3,251",80%,1090-1330,24-31,76%,11:1
Morehouse College,"$14,734","2,567",59%,N/A,18-25,40%,10:1
New College of Florida,,669,75%,1103-1360,24-31,54%,7:1
Sarah Lawrence College,"$63,678","1,462",50%,1260-1450,29-33,65%,11:1
Linfield University,"$49,460","1,704",90%,N/A,N/A,60%,10:1
Lycoming College,"$47,450","1,067",75%,1053-1238,20-25,55%,11:1
Randolph-Macon College,"$48,106","1,490",85%,1020-1220,23-27,68%,10:1
Susquehanna University,"$57,400","2,199",88%,1088-1280,23-30,73%,12:1
Westmont College,"$51,790","1,293",82%,1210-1420,30-33,70%,11:1
Bennington College,"$64,644",785,45%,1260-1370,29-33,63%,9:1
Hanover College,"$41,441",951,74%,1090-1270,24-29,67%,11:1
Hendrix College,"$36,650","1,130",60%,1130-1340,23-31,67%,12:1
Westminster College (PA),"$39,770","1,222",92%,1060-1280,21-26,67%,12:1
Cornell College,"$50,634","1,060",79%,1170-1380,23-30,60%,13:1
Hampden-Sydney College,"$52,388",835,40%,1040-1310,23-29,57%,9:1
Luther College,"$50,320","1,610",75%,1075-1330,22-29,65%,11:1
Ohio Wesleyan University,"$52,297","1,410",52%,1123-1358,23-30,59%,11:1
Saint Michael's College,"$50,040","1,209",85%,1160-1316,27-30,71%,10:1
Hartwick College,"$52,849","1,099",60%,1020-1210,19-27,44%,10:1
Massachusetts College of Liberal Arts,,838,93%,N/A,N/A,49%,8:1
Transylvania University,"$44,980",981,91%,1120-1360,23-29,64%,11:1
Albion College,"$55,746","1,454",67%,N/A,N/A,48%,12:1
Goucher College,"$51,250","1,002",81%,1110-1370,24-33,49%,9:1
Hollins University,"$41,210",691,72%,1113-1298,N/A,58%,9:1
Illinois College,"$37,470","1,028",77%,960-1130,21-26,64%,12:1
Millsaps College,"$43,815",637,68%,1135-1354,21-28,61%,9:1
Saint Vincent College,"$41,785","1,375",73%,1030-1250,22-28,71%,10:1
Monmouth College,"$43,520",755,66%,1080-1300,23-28,50%,9:1
Coe College,"$52,576","1,264",72%,1080-1280,22-28,60%,10:1
Eckerd College,"$50,374","1,993",65%,1107-1300,23-29,62%,11:1
Meredith College,"$43,936","1,322",73%,1140-1320,22-28,63%,10:1
Roanoke College,"$36,774","1,826",80%,1060-1260,19-26,66%,10:1
University of Minnesota Morris,,"1,068",78%,N/A,N/A,48%,9:1
Birmingham-Southern College,"$22,750",975,57%,1150-1280,22-29,59%,7:1
Central College,"$20,988","1,169",79%,1040-1218,19-26,67%,12:1
Covenant College,"$40,414",846,84%,1140-1380,24-32,66%,12:1
Centenary College,"$40,000",523,64%,1080-1260,21-27,52%,8:1
Franklin College,"$37,350",894,93%,970-1170,18-25,59%,12:1
Hampshire College,"$56,990",508,69%,N/A,N/A,51%,10:1
Presbyterian College,"$43,300",955,59%,1020-1270,21-27,53%,11:1
Purchase College--SUNY,,"3,145",78%,1190-1350,29-31,57%,11:1
Salem College,"$32,236",364,81%,973-1195,20-28,60%,7:1
University of North Carolina Asheville,,"2,914",74%,1140-1330,21-28,44%,11:1
Albright College,"$28,794","1,298",76%,N/A,N/A,41%,10:1
Concordia College--Moorhead,"$28,916","1,827",66%,1410-1410,21-28,65%,12:1
Fisk University,"$23,578","1,009",71%,1090-1450,19-25,51%,12:1
Houghton University,"$17,290",813,93%,1080-1290,20-31,54%,10:1
Ripon College,"$50,700",766,81%,990-1170,19-27,48%,15:1
University of New Hampshire at Manchester,,653,83%,1110-1270,N/A,50%,9:1
Emmanuel College,"$46,686","1,947",80%,1160-1310,25-30,59%,13:1
Wells College,"$35,166",342,68%,N/A,N/A,53%,9:1
Wittenberg University,"$44,602","1,258",94%,1020-1316,20-27,50%,11:1
University of Mary Washington,,"3,493",86%,1170-1340,25-30,59%,13:1
Aquinas College,"$38,520","1,169",91%,1000-1180,N/A,45%,11:1
College of the Atlantic,"$46,179",377,60%,1230-1460,27-32,52%,11:1
Wartburg College,"$51,040","1,416",97%,970-1120,19-25,63%,13:1
Bethany Lutheran College,"$30,010",784,58%,990-1290,20-25,49%,12:1
Claflin University,"$17,046","1,749",78%,840-1090,17-21,47%,13:1
Dillard University,"$22,594","1,224",80%,988-1176,19-25,38%,13:1
Gordon College,"$28,100","1,294",92%,1070-1305,23-32,60%,10:1
Oglethorpe University,"$45,806","1,491",72%,1065-1305,22-29,48%,14:1
Westminster College (MO),"$33,144",654,97%,880-1160,18-24,46%,11:1
Randolph College,"$29,010",478,95%,930-1140,22-30,46%,8:1
University of Virginia--Wise,,"1,737",76%,915-1160,19-25,27%,13:1
Bridgewater College,"$41,350","1,385",90%,1020-1230,22-28,52%,13:1
Guilford College,"$41,140","1,192",82%,950-1200,17-23,45%,12:1
The King's College,"$21,690",384,44%,1140-1390,24-30,52%,10:1
Lyon College,"$31,000",495,60%,1020-1148,21-26,37%,9:1
University of Puerto Rico--Cayey,,"2,559",48%,905-1131,N/A,8%,19:1
Johnson C. Smith University,"$21,714","1,052",9%,N/A,N/A,27%,11:1
Maryville College,"$38,514","1,065",70%,930-1120,19-27,46%,10:1
Bryn Athyn College of the New Church,"$28,669",272,80%,980-1253,19-21,33%,8:1
Marymount Manhattan College,"$40,260","1,608",72%,1080-1280,22-28,49%,9:1
Simpson University,"$38,522",729,52%,N/A,N/A,41%,13:1
Virginia Wesleyan University,"$36,960","1,479",81%,1150-1380,27-31,37%,13:1
Oakwood University,"$20,040","1,378",72%,N/A,N/A,27%,10:1
Ouachita Baptist University,"$32,480","1,730",72%,1020-1200,21-29,62%,12:1
Bennett College,"$18,550",207,79%,N/A,N/A,14%,9:1
Sweet Briar College,"$23,590",457,78%,1010-1350,19-29,60%,8:1
Tougaloo College,"$11,398",657,49%,790-1090,16-21,18%,9:1
Ave Maria University,"$28,224","1,251",44%,N/A,N/A,57%,18:1
Cheyney University of Pennsylvania,,642,N/A,N/A,N/A,23%,15:1
Medgar Evers College--CUNY,,"3,640",88%,N/A,N/A,0%,13:1
Bentley University,"$58,610","4,131",58%,1258-1420,28-32,84%,12:1
Butler University,"$45,980","4,427",82%,1110-1320,24-30,74%,11:1
California Polytechnic State University--San Luis Obispo,,"20,963",30%,1240-1470,28-33,60%,18:1
Embry-Riddle Aeronautical University--Prescott,"$42,204","3,120",68%,1170-1380,24-31,48%,17:1
High Point University,"$46,548","5,036",79%,1103-1280,23-29,65%,17:1
Illinois Wesleyan University,"$55,704","1,527",42%,1120-1330,25-30,75%,11:1
Providence College,"$60,848","4,279",53%,1260-1420,28-32,83%,11:1
Rollins College,"$58,300","2,263",50%,1120-1340,23-29,70%,11:1
United States Coast Guard Academy,1,"1,037",15%,1160-1365,26-31,84%,7:1
California State University--Maritime Academy,,880,82%,N/A,N/A,59%,12:1
"The Citadel, The Military College of South Carolina",,"2,695",99%,1090-1270,23-27,64%,11:1
Cooper Union for the Advancement of Science and Art,"$46,820",899,22%,1380-1530,32-35,64%,9:1
Florida Polytechnic University,,"1,531",47%,1233-1390,26-31,31%,18:1
Milwaukee School of Engineering,"$48,421","2,575",63%,1170-1390,25-31,52%,14:1
Ohio Northern University,"$37,600","2,569",54%,1075-1310,21-28,55%,12:1
University of Portland,"$54,900","3,374",93%,1220-1410,27-31,70%,10:1
Appalachian State University,,"18,558",83%,1100-1270,21-27,58%,16:1
Beacon College,"$47,110",501,52%,N/A,N/A,35%,12:1
California State Polytechnic University--Pomona,,"25,181",55%,N/A,N/A,27%,25:1
Carroll College,"$40,352","1,160",78%,1080-1200,13-29,55%,12:1
College of the Ozarks,"$20,990","1,487",21%,1065-1235,20-25,45%,15:1
Flagler College,"$26,610","2,607",81%,1050-1230,22-29,50%,14:1
John Carroll University,"$49,100","2,417",82%,1160-1320,25-30,73%,14:1
Taylor University,"$38,440","2,193",75%,1090-1310,23-30,70%,13:1
United States Merchant Marine Academy,,931,29%,1150-1330,25-28,74%,13:1
Calvin University,"$38,670","2,960",74%,1120-1370,25-30,65%,12:1
The College of New Jersey,,"7,039",64%,1140-1350,24-30,75%,13:1
Criswell College,"$13,350",122,100%,1090-1150,N/A,0%,5:1
Grove City College,"$20,890","2,289",71%,1130-1360,25-32,76%,13:1
Rhode Island School of Design,"$57,505","2,044",19%,1310-1480,28-34,70%,9:1
Saint Mary's College of California,"$56,134","2,003",88%,1085-1260,26-31,61%,8:1
San Jose State University,,"26,863",75%,1070-1370,21-29,29%,24:1
Stetson University,"$55,220","2,561",94%,1110-1305,25-29,60%,11:1
Berry College,"$40,416","2,243",66%,1110-1290,21-29,61%,12:1
Maine Maritime Academy,,878,62%,1075-1275,22-29,52%,10:1
Oregon Institute of Technology,,"4,804",93%,1050-1255,23-30,28%,16:1
Simpson College,"$46,212","1,127",89%,1210-1440,31-33,64%,12:1
Truman State University,,"3,622",45%,1070-1330,23-29,59%,13:1
University of Scranton,"$52,034","3,593",84%,1150-1320,25-31,75%,12:1
Baldwin Wallace University,"$37,538","2,744",77%,1043-1298,20-27,55%,11:1
Bryant University,"$51,169","3,153",69%,1163-1320,27-32,80%,14:1
Catawba College,"$33,400","1,094",67%,1000-1210,18-27,45%,11:1
Cottey College,"$24,960",311,80%,N/A,1-24,44%,7:1
Elmhurst University,"$41,628","3,027",76%,980-1240,20-27,52%,13:1
Embry-Riddle Aeronautical University -- Daytona Beach,"$42,304","7,177",65%,1140-1340,23-29,36%,18:1
Fashion Institute of Design & Merchandising,"$32,645","1,761",42%,N/A,N/A,N/A,18:1
Pennsylvania College of Technology,,"4,234",75%,1008-1180,19-23,44%,13:1
St. Edward's University,"$51,384","2,769",85%,1030-1270,20-27,56%,14:1
Wesleyan College,"$27,650",695,62%,1033-1210,22-25,50%,9:1
Alma College,"$47,430","1,245",65%,965-1200,18-25,53%,12:1
Christopher Newport University,,"4,449",85%,1100-1290,22-29,69%,13:1
College of Idaho,"$36,205","1,054",46%,1070-1240,23-29,52%,10:1
Elmira College,"$39,712",609,82%,1118-1272,20-30,52%,8:1
Loyola University Maryland,"$55,480","3,977",83%,1180-1360,26-33,75%,13:1
University of Redlands,"$55,678","2,312",82%,1113-1278,25-30,57%,10:1
University of the Ozarks,"$25,950",784,60%,960-1150,19-24,34%,14:1
Whitworth University,"$50,920","2,045",91%,1110-1350,19-27,66%,11:1
Alfred State College--SUNY,,"3,348",82%,960-1180,19-25,34%,16:1
Benedictine College,"$35,350","2,261",100%,1095-1350,22-28,53%,15:1
Brigham Young University--Idaho,"$4,536","44,304",97%,990-1200,20-26,15%,20:1
Dordt University,"$35,960","1,585",71%,1030-1260,21-28,64%,10:1
Saint Joseph's University,"$51,340","5,073",89%,1130-1320,26-31,76%,10:1
Spring Hill College,"$23,270",933,73%,1110-1230,19-24,55%,11:1
Tuskegee University,"$22,679","2,100",30%,960-1220,18-24,37%,8:1
William Jewell College,"$19,890",829,41%,1030-1130,20-26,59%,10:1
Brigham Young University--Hawaii,"$6,250","2,893",88%,1075-1260,21-27,30%,16:1
College of Charleston,,"9,972",76%,1130-1300,24-30,57%,16:1
College of Mount St. Vincent,"$42,740","2,259",91%,968-1206,22-23,42%,13:1
CUNY--Baruch College,,"15,896",50%,962-1418,N/A,51%,19:1
Huntingdon College,"$28,650",813,66%,980-1070,19-25,38%,13:1
Kettering University,"$46,380","1,422",81%,1130-1370,24-30,10%,12:1
Point Loma Nazarene University,"$43,550","3,154",82%,1160-1360,23-30,69%,13:1
Savannah College of Art and Design,"$40,095","13,622",82%,1060-1280,20-28,60%,20:1
SUNY College of Technology at Canton,,"2,944",95%,950-1140,N/A,40%,17:1
Barton College,"$35,600","1,187",95%,970-1150,17-23,38%,13:1
California State University--Stanislaus,,"8,926",93%,N/A,N/A,25%,17:1
Hamline University,"$49,031","1,782",81%,1010-1273,19-26,62%,13:1
Hiram College,"$26,265","1,002",93%,961-1153,16-23,47%,10:1
Lake Superior State University,,"1,655",79%,975-1180,18-23,35%,16:1
Marist College,"$46,110","5,475",63%,1209-1360,25-30,73%,16:1
Newberry College,"$30,050","1,292",75%,928-1103,16-23,37%,13:1
California Lutheran University,"$50,670","2,513",87%,1150-1320,26-30,69%,14:1
Dominican University,"$37,694","2,136",90%,890-1140,16-22,47%,12:1
Florida Southern College,"$42,360","2,738",57%,1160-1330,25-30,63%,14:1
Massachusetts Maritime Academy,,"1,327",89%,N/A,N/A,0%,12:1
Mount Saint Mary's University,"$48,132","1,797",76%,N/A,N/A,61%,11:1
Texas Lutheran University,"$34,920","1,329",92%,1030-1220,20-27,31%,12:1
University of Maine at Farmington,,"1,558",94%,990-1245,N/A,39%,11:1
University of Northern Iowa,,"7,739",95%,1020-1330,20-26,43%,17:1
Warner Pacific University,"$21,010",406,76%,N/A,N/A,26%,6:1
Winthrop University,,"3,741",70%,980-1195,19-26,48%,12:1
Colby-Sawyer College,"$18,400",864,78%,960-1170,22-27,59%,10:1
Goshen College,"$37,760",717,94%,990-1220,22-29,56%,9:1
Keene State College,,"2,755",90%,930-1170,N/A,53%,15:1
LaGrange College,"$34,540",607,59%,N/A,N/A,45%,11:1
Loras College,"$38,298","1,213",90%,N/A,N/A,58%,12:1
SUNY Cobleskill,,"1,783",84%,910-1150,17-26,43%,15:1
SUNY--Geneseo,,"4,136",75%,1160-1320,25-30,67%,16:1
University of Antelope Valley,"$67,080",550,N/A,N/A,N/A,49%,14:1
University of Pittsburgh at Johnstown,,"2,039",97%,N/A,19-28,36%,15:1
Christian Brothers University,"$37,300","1,253",88%,920-1330,19-27,44%,9:1
Emerson College,"$55,392","4,149",43%,1250-1430,30-32,73%,15:1
Indiana Wesleyan University,"$29,684","2,236",87%,1000-1190,21-27,57%,13:1
Ithaca College,"$49,883","4,619",75%,1203-1380,28-32,69%,11:1
John Brown University,"$30,832","1,659",58%,1100-1360,21-28,64%,14:1
Lewis University,"$37,872","3,933",74%,1010-1200,21-29,45%,14:1
Manhattan College,"$50,848","3,060",82%,1140-1330,23-30,60%,12:1
North Florida College,,"1,127",100%,N/A,N/A,61%,20:1
Pacific Union College,"$35,214",848,48%,990-1260,19-26,30%,10:1
Rockhurst University,"$42,901","2,545",66%,1050-1225,19-27,71%,13:1
Siena College,"$42,880","3,519",71%,1045-1270,22-31,73%,13:1
University of Evansville,"$42,676","1,717",76%,1045-1300,21-28,56%,10:1
University of Washington Tacoma,,"4,090",88%,980-1240,19-24,43%,15:1
Baptist College of Florida,"$12,450",405,100%,930-1200,17-23,38%,8:1
California State University--Monterey Bay,,"6,253",92%,1008-1263,20-28,37%,23:1
St. Mary's University of San Antonio,"$36,242","2,001",86%,N/A,N/A,44%,11:1
Trine University,"$35,600","3,794",92%,1020-1250,22-28,50%,16:1
University of Silicon Valley,"$27,850",379,65%,850-1010,N/A,30%,12:1
Averett University,"$38,550","1,122",76%,910-1155,17-22,33%,12:1
John Paul the Great Catholic University,"$29,500",300,79%,1068-1288,19-24,62%,19:1
Milligan University,"$39,350",737,67%,1065-1255,21-26,58%,11:1
Millikin University,"$43,570","1,708",75%,930-1200,20-27,47%,10:1
Southwestern Adventist University,"$24,588",786,54%,900-1180,17-24,26%,11:1
Tennessee Wesleyan University,"$29,264",935,61%,930-1170,18-24,44%,10:1
Trinity Christian College,"$20,100",854,71%,910-1110,20-29,61%,9:1
Union College (NE),"$27,990",483,76%,860-1070,17-25,41%,8:1
University of Hawaii--West Oahu,,"2,913",96%,1040-1150,16-22,19%,17:1
California State University--Chico,,"12,885",92%,930-1186,20-28,34%,20:1
Farmingdale State College--SUNY,,"9,264",73%,1000-1175,19-24,36%,18:1
Georgia College & State University,,"5,265",80%,1060-1230,21-26,51%,15:1
Queens University of Charlotte,"$42,790","1,317",71%,1080-1255,22-29,62%,9:1
University of Tampa,"$33,424","9,602",26%,1080-1280,22-28,57%,17:1
Vaughn College of Aeronautics and Technology,"$26,550","1,175",75%,832-1110,25-26,35%,14:1
Xavier University of Louisiana,"$27,870","2,696",95%,1000-1160,20-25,38%,11:1
Augsburg University,"$42,064","2,358",77%,1188-1376,17-24,48%,14:1
Augustana University,"$39,190","1,831",66%,1110-1325,21-28,61%,12:1
Blue Mountain Christian University,"$19,280",892,96%,1000-1140,18-25,36%,13:1
CUNY--John Jay College of Criminal Justice,,"12,019",51%,N/A,N/A,38%,12:1
Le Moyne College,"$38,970","2,600",78%,1130-1290,26-31,65%,12:1
Monmouth University,"$44,850","3,811",91%,1110-1300,22-30,60%,12:1
St. Bonaventure University,"$40,150","1,868",81%,1050-1220,25-32,69%,12:1
University of Michigan--Dearborn,,"6,116",54%,1010-1290,22-28,27%,16:1
Welch College,"$20,776",342,83%,930-1230,19-28,47%,9:1
Arizona Christian University,"$35,047","1,082",70%,1000-1200,18-25,42%,15:1
"California State University, Sacramento",,"28,389",92%,860-1140,17-22,22%,21:1
Dominican University of California,"$50,647","1,157",93%,1088-1236,23-25,72%,11:1
Marietta College,"$38,974","1,109",83%,940-1130,18-24,44%,9:1
Montana State University--Northern,,"1,008",N/A,N/A,N/A,24%,14:1
St. Francis College,"$27,298","2,372",85%,990-1240,22-26,31%,15:1
University of Dallas,"$50,880","1,453",59%,1170-1400,23-31,67%,12:1
Snow College,,"6,070",100%,400-400,16-28,36%,21:1
Wisconsin Lutheran College,"$35,080","1,003",94%,1038-1243,22-27,51%,12:1
Colorado Mesa University,,"8,681",64%,930-1180,18-25,27%,18:1
Hastings College,"$36,130",924,71%,N/A,N/A,42%,13:1
Lander University,,"3,562",67%,950-1190,17-24,31%,16:1
Life Pacific University,"$20,450",397,94%,N/A,N/A,30%,13:1
Mars Hill University,"$37,270",994,74%,950-1170,18-24,28%,13:1
Otterbein University,"$34,899","2,173",84%,1035-1270,20-27,60%,12:1
SUNY College of Technology--Delhi,,"2,481",83%,N/A,N/A,27%,14:1
University of Montevallo,,"2,172",60%,970-1200,19-26,40%,12:1
University of Pittsburgh at Bradford,,"1,074",96%,980-1200,18-29,39%,13:1
California State University--Los Angeles,,"22,536",87%,N/A,N/A,17%,22:1
Cedarville University,"$36,078","4,533",65%,1130-1380,23-29,65%,16:1
CUNY--Hunter College,,"17,256",48%,N/A,N/A,33%,14:1
Emory & Henry College,"$35,155","1,082",97%,N/A,N/A,49%,13:1
Longwood University,,"3,154",88%,1020-1210,N/A,52%,13:1
Montserrat College of Art,"$37,850",341,N/A,N/A,N/A,49%,12:1
New York Institute of Technology,"$44,360","3,453",76%,1118-1360,24-31,38%,13:1
Towson University,,"16,861",79%,1010-1230,19-25,48%,15:1
University of Minnesota Duluth,,"8,810",81%,1120-1350,22-28,43%,16:1
University of Wisconsin--Eau Claire,,"8,923",85%,1100-1310,21-27,43%,19:1
Westminster University (UT),"$41,936",968,70%,1166-1373,23-29,47%,8:1
Bluffton University,"$36,298",664,96%,843-1192,16-24,44%,11:1
CUNY--New York City College of Technology,,"13,087",82%,N/A,N/A,9%,16:1
Kentucky Wesleyan College,"$31,300",780,69%,980-1210,18-23,41%,13:1
St. Augustine College,"$13,288",737,N/A,N/A,N/A,8%,9:1
University of South Carolina Upstate,,"4,458",79%,950-1150,20-25,30%,15:1
Bethel College,"$34,002",495,97%,850-1070,18-24,46%,11:1
Boricua College,"$12,025",377,N/A,N/A,N/A,42%,20:1
Converse University,"$23,096",804,82%,N/A,N/A,52%,9:1
Dakota Wesleyan University,"$32,890",723,75%,950-1420,18-24,52%,13:1
Davis and Elkins College,"$30,680",661,78%,N/A,N/A,38%,11:1
Fort Lewis College,,"3,268",91%,1000-1220,16-23,27%,13:1
McMurry University,"$31,162","1,231",57%,1040-1230,20-25,26%,13:1
North Central University,"$29,460",809,58%,N/A,N/A,48%,13:1
Thiel College,"$36,864",800,82%,965-1165,17-24,39%,13:1
University of Montana Western,,"1,424",37%,870-1210,16-23,25%,15:1
Asbury University,"$33,640","1,404",96%,1060-1320,20-27,60%,11:1
Bob Jones University,"$23,350","2,665",89%,N/A,N/A,65%,12:1
Johnson & Wales University--Charlotte,"$39,992","1,140",73%,890-1122,16-22,34%,13:1
North Central College,"$44,394","2,368",61%,1020-1240,22-28,58%,12:1
SUNY--New Paltz,,"6,090",58%,1160-1340,25-29,56%,16:1
University of Illinois--Springfield,,"2,393",82%,988-1220,20-27,43%,12:1
Western Washington University,,"13,801",93%,1130-1340,25-30,42%,17:1
West Virginia Wesleyan College,"$33,494",889,96%,910-1140,18-23,47%,12:1
William Peace University,"$33,050",713,63%,1033-1151,19-27,37%,11:1
California State University--Northridge,,"31,957",68%,N/A,N/A,23%,23:1
Pacific Lutheran University,"$50,964","2,301",89%,1253-1423,27-30,63%,12:1
Paul Smith's College,"$32,048",711,75%,N/A,N/A,46%,14:1
SUNY Maritime College,,"1,295",80%,1140-1300,24-28,0%,14:1
SUNY Polytechnic Institute,,"1,990",82%,1050-1410,26-32,51%,13:1
ArtCenter College of Design,"$49,942","2,028",76%,N/A,N/A,30%,8:1
Drury University,"$35,435","1,375",63%,1150-1360,22-28,45%,13:1
Franciscan University of Steubenville,"$32,630","2,785",67%,1100-1320,22-28,65%,14:1
Lewis-Clark State College,,"3,709",100%,N/A,N/A,21%,15:1
North Carolina Central University,,"5,634",84%,810-1130,15-23,29%,14:1
South Dakota School of Mines and Technology,,"2,164",83%,1160-1378,23-29,28%,12:1
SUNY Morrisville,,"1,803",84%,980-1270,16-23,22%,12:1
Central Methodist University -- College of Liberal Arts and Sciences,"$27,140","1,080",98%,923-1090,18-23,43%,12:1
CUNY--Lehman College,,"12,459",42%,N/A,N/A,27%,18:1
McPherson College,"$35,162",815,59%,908-1120,17-23,42%,13:1
Mississippi University for Women,,"2,080",99%,N/A,17-23,29%,11:1
Mount Aloysius College,"$25,510","2,678",92%,N/A,N/A,41%,11:1
Ramapo College of New Jersey,,"4,932",70%,1100-1290,21-28,60%,15:1
Salve Regina University,"$47,930","2,190",70%,1130-1280,25-28,70%,13:1
Sonoma State University,,"5,934",94%,N/A,N/A,41%,18:1
University of Advancing Technology,"$18,794",851,91%,N/A,N/A,30%,13:1
University of Tennessee at Martin,,"6,170",88%,1020-1240,19-25,38%,15:1
University of West Florida,,"9,305",48%,1020-1190,21-26,36%,22:1
Alaska Pacific University,"$20,760",376,96%,N/A,N/A,17%,8:1
California Institute of the Arts,"$55,056",965,29%,N/A,N/A,61%,7:1
California State University--Channel Islands,,"6,471",93%,N/A,N/A,23%,20:1
"California State University, San Marcos",,"12,917",94%,870-1100,17-25,23%,21:1
Elizabeth City State University,,"2,033",74%,840-1080,14-23,24%,16:1
Hilbert College,"$29,900",728,93%,898-1113,N/A,52%,12:1
Lees-McRae College,"$29,440",855,61%,1040-1240,20-26,42%,10:1
Adrian College,"$40,556","1,747",69%,940-1160,17-25,41%,16:1
Dean College,"$43,400","1,189",75%,N/A,N/A,40%,17:1
EDP University of Puerto Rico Inc--San Juan,"$6,900","1,246",43%,N/A,N/A,7%,15:1
Keystone College,"$17,450","1,060",81%,910-1155,17-25,36%,14:1
Rocky Mountain College of Art and Design,"$22,607","1,837",N/A,N/A,N/A,32%,10:1
University of Nebraska at Kearney,,"4,269",86%,1000-1200,19-25,29%,13:1
Valley City State University,,"1,521",85%,N/A,17-23,27%,11:1
Wilmington College,"$31,087","1,032",87%,960-1150,17-23,46%,14:1
Belmont Abbey College,"$19,500","1,475",97%,950-1140,18-26,42%,12:1
California Baptist University,"$40,030","8,223",80%,940-1180,19-25,43%,18:1
Chaminade University of Honolulu,"$29,970","1,118",93%,N/A,N/A,53%,11:1
Howard Payne University,"$33,552",773,62%,920-1130,19-22,24%,10:1
Niagara University,"$37,920","2,709",90%,1030-1240,24-28,65%,11:1
North Park University,"$34,020","1,849",67%,890-1162,20-26,42%,10:1
St. Francis University,"$40,520","2,460",73%,1030-1240,20-26,68%,14:1
SUNY--Oneonta,,"4,859",73%,1090-1250,24-28,66%,15:1
Toccoa Falls College,"$23,250","2,008",68%,990-1240,18-24,35%,17:1
Johnson University (TN),"$19,274",658,81%,980-1185,19-24,58%,10:1
Lee University,"$22,690","3,446",73%,1010-1240,19-27,49%,12:1
Murray State University,,"7,756",86%,980-1140,19-26,45%,16:1
Rogers State University,,"3,063",60%,818-915,17-23,27%,16:1
Bard College at Simon's Rock,"$66,594",304,34%,N/A,N/A,N/A,5:1
California Polytechnic State University -- Humboldt,,"5,308",90%,1040-1273,21-24,23%,17:1
Carthage College,"$36,500","2,559",82%,1040-1210,20-26,58%,13:1
Northern New Mexico College,,"1,136",N/A,N/A,N/A,10%,11:1
Ottawa University,"$33,380",853,78%,860-1100,18-23,22%,12:1
Sterling College (VT),"$39,200",126,100%,N/A,N/A,36%,7:1
University of Minnesota Crookston,,"2,303",59%,N/A,N/A,43%,17:1
University of Mount Union,"$35,400","1,889",76%,960-1180,19-26,57%,13:1
Utah Tech University,,"12,481",97%,871-1198,18-24,12%,22:1
Webster University,"$30,730","1,909",56%,1014-1325,20-27,45%,7:1
Austin Peay State University,,"8,120",94%,N/A,18-24,27%,14:1
Brevard College,"$31,250",732,40%,960-1150,18-22,26%,10:1
Canisius University,"$32,720","1,788",78%,1050-1320,22-28,63%,11:1
The College of Westchester,"$23,598",873,98%,N/A,N/A,37%,18:1
Columbia College (SC),"$21,450","1,173",98%,850-1140,14-18,48%,11:1
Merrimack College,"$51,786","4,229",75%,1020-1260,22-28,65%,14:1
Messiah University,"$40,640","2,495",79%,1090-1340,25-30,74%,13:1
Northland College,"$41,237",531,58%,1010-1160,20-27,53%,10:1
Rider University,"$38,900","3,168",84%,1100-1300,21-29,61%,11:1
Saint Martin's University,"$44,210","1,367",95%,925-1180,19-24,53%,11:1
University of North Alabama,,"7,492",75%,925-1223,19-26,30%,18:1
University of Puerto Rico--Humacao,,"2,848",50%,N/A,N/A,12%,14:1
Wentworth Institute of Technology,"$41,010","3,713",92%,1120-1340,25-31,57%,17:1
Alice Lloyd College,"$14,160",570,13%,850-1230,16-22,26%,18:1
California State University--Bakersfield,,"8,188",85%,900-1208,16-22,22%,18:1
Jarvis Christian University,"$11,720",721,N/A,N/A,N/A,27%,12:1
Kentucky State University,,"1,610",91%,795-1060,14-23,18%,11:1
LeTourneau University,"$35,500","3,350",49%,1120-1380,20-29,56%,13:1
New Mexico Tech,,"1,218",74%,1110-1320,21-28,38%,10:1
Reinhardt University,"$28,420","1,059",63%,900-1210,14-24,27%,12:1
University of Arkansas -- Fort Smith,,"5,335",98%,N/A,18-23,29%,17:1
University of Puerto Rico--Arecibo,,"2,897",60%,N/A,N/A,14%,17:1
Wiley College,"$12,500",698,40%,N/A,13-17,4%,19:1
Ashland University,"$28,910","5,109",60%,1073-1250,20-26,51%,15:1
Blackburn College,"$26,758",414,66%,888-1125,16-24,36%,9:1
Central Penn College,"$19,404",872,89%,N/A,N/A,28%,9:1
Huston-Tillotson University,"$14,703",991,50%,820-1000,14-20,20%,16:1
Mitchell College,"$37,250",526,78%,N/A,N/A,37%,13:1
Nevada State University,,"7,158",79%,N/A,N/A,9%,18:1
Saint Mary-of-the-Woods College,"$33,490",815,79%,868-1052,18-30,38%,9:1
University of Maine--Fort Kent,,"1,194",99%,N/A,N/A,27%,17:1
Winona State University,,"5,421",77%,1000-1270,19-25,45%,16:1
Berkeley College (NY),"$28,600","1,818",94%,N/A,N/A,30%,22:1
Coastal Carolina University,,"9,794",79%,1020-1190,20-25,37%,16:1
Culver-Stockton College,"$29,915",900,97%,850-1110,18-21,41%,14:1
Freed-Hardeman University,"$24,300","1,850",91%,1040-1240,19-26,58%,12:1
Jacksonville University,"$46,030","2,563",58%,1060-1240,20-26,43%,13:1
North Greenville University,"$24,500","1,839",76%,1060-1240,22-28,44%,13:1
Quincy University,"$35,740","1,146",62%,1080-1250,21-26,40%,14:1
Tabor College,"$35,050","1,009",53%,830-1190,17-25,43%,16:1
University of Maine--Presque Isle,,"1,573",100%,N/A,N/A,24%,19:1
University of Valley Forge,"$23,750",508,82%,930-1135,17-21,34%,12:1
Central Washington University,,"8,609",95%,940-1180,N/A,29%,19:1
Huntington University,"$28,930","1,120",79%,1010-1208,19-24,59%,12:1
Oklahoma Panhandle State University,,"1,242",90%,863-1088,17-21,22%,15:1
California State University--Dominguez Hills,,"13,816",89%,N/A,N/A,18%,25:1
Carroll University,"$37,230","2,771",72%,1060-1340,22-28,56%,14:1
CUNY--Brooklyn College,,"11,661",55%,N/A,N/A,32%,15:1
Nebraska Wesleyan University,"$41,658","1,545",81%,1010-1240,22-27,51%,11:1
Paul Quinn College,"$13,798",384,87%,N/A,N/A,11%,23:1
Saint Xavier University,"$36,840","2,981",84%,890-1090,19-24,28%,15:1
The University of Olivet,"$33,076",851,89%,910-1120,18-23,37%,15:1
Western Illinois University,,"5,309",75%,860-1110,17-26,28%,13:1
Berklee College of Music,"$50,270","7,499",54%,N/A,N/A,54%,10:1
Bismarck State College,,"3,771",91%,N/A,16-22,N/A,14:1
Elizabethtown College,"$36,842","1,737",81%,1070-1280,25-30,75%,13:1
Endicott College,"$39,212","3,411",73%,1130-1280,24-29,75%,12:1
Moravian University,"$52,000","1,904",67%,1060-1253,21-26,67%,10:1
Seton Hill University,"$41,414","1,630",78%,1040-1240,21-28,58%,13:1
Stephen F. Austin State University,,"9,823",89%,950-1140,17-23,35%,15:1
SUNY Oswego,,"5,985",84%,1070-1260,22-29,54%,15:1
Fisher College,"$34,150","1,253",72%,800-1070,15-24,32%,12:1
Lenoir-Rhyne University,"$30,900","1,530",83%,995-1190,17-24,39%,11:1
Northern Marianas College,,"1,298",N/A,N/A,N/A,5%,22:1
Williams Baptist University,"$20,330",562,59%,1150-1150,18-24,32%,16:1
Woodbury University,"$44,886",868,63%,N/A,N/A,31%,8:1
Anderson University,"$33,570","3,237",45%,N/A,N/A,26%,13:1
Art Institute of Houston,"$20,794",386,N/A,N/A,N/A,25%,23:1
Dalton State College,,"4,525",N/A,N/A,N/A,10%,18:1
Donnelly College,"$8,736",358,N/A,N/A,N/A,13%,9:1
Emmaus Bible College,"$19,800",193,99%,1100-1240,18-26,52%,7:1
Eureka College,"$28,110",559,87%,870-1155,16-23,41%,13:1
,,,,,,,
Kansas Wesleyan University,"$33,470",791,70%,878-1138,17-22,27%,13:1
La Sierra University,"$35,910","1,263",95%,900-1190,16-24,34%,9:1
Montana Technological University,,"2,092",89%,1050-1320,18-24,30%,13:1
Southern Adventist University,"$25,290","2,571",70%,980-1280,19-26,32%,13:1
University of Arkansas--Pine Bluff,,"2,182",69%,805-1045,14-18,27%,13:1
University of North Georgia,,"17,256",69%,1010-1200,19-25,33%,19:1
Virginia State University,,"4,242",96%,830-1040,15-21,31%,13:1
South Texas College,,"28,962",N/A,N/A,N/A,4%,23:1
Colorado Mountain College,,"5,184",N/A,N/A,N/A,14%,11:1
Erskine College,"$36,710",817,69%,920-1150,17-23,42%,15:1
Florida Memorial University,"$16,836",992,57%,N/A,N/A,21%,15:1
Inter American University of Puerto Rico--Barranquitas,"$5,542","1,101",79%,N/A,N/A,23%,18:1
Northwestern College,"$35,300","1,169",88%,1030-1320,20-25,54%,10:1
Southwestern Christian University,"$21,416",460,N/A,N/A,N/A,15%,11:1
University of Wisconsin--Whitewater,,"9,375",93%,950-1180,18-24,40%,19:1
Brescia University,"$30,450",577,51%,920-1190,18-25,34%,10:1
Faith Baptist Bible College and Theological Seminary,"$18,740",384,56%,1020-1180,20-27,45%,15:1
Northwest University,"$36,036",723,95%,1050-1320,22-30,62%,10:1
Oklahoma Baptist University,"$34,050","1,330",51%,960-1160,17-24,43%,15:1
Texas A&M International University,,"6,979",66%,910-1110,16-21,30%,24:1
University of North Texas at Dallas,,"3,001",94%,840-1044,14-20,32%,16:1
University of South Carolina Beaufort,,"2,053",80%,930-1160,18-25,20%,15:1
Vanguard University of Southern California,"$39,950","1,958",75%,1140,21-28,54%,16:1
Columbia International University,"$27,900","1,001",48%,990-1195,16-25,57%,13:1
CUNY--Queens College,,"14,406",69%,N/A,N/A,30%,14:1
Fairleigh Dickinson University,"$38,770","7,432",87%,980-1280,20-27,38%,13:1
Morehead State University,,"8,218",84%,1000-1190,18-25,36%,14:1
Regis College,"$47,770","1,121",89%,1040-1230,23-27,60%,9:1
Saint Peter's University,"$41,054","2,068",89%,910-1163,22-26,50%,11:1
Sterling College (KS),"$30,000",683,61%,938-1123,18-24,30%,9:1
"St. Joseph's University, New York","$34,525","3,556",77%,1093-1306,23-27,59%,12:1
University of North Carolina--Pembroke,,"5,643",90%,935-1095,16-21,25%,14:1
University of Northwestern--St. Paul,"$36,830","3,161",93%,1016-1311,21-28,62%,16:1
York University,"$20,900",435,62%,790-1160,14-24,26%,11:1
Muskingum University,"$31,690","1,477",86%,950-1120,17-22,47%,13:1
Bethel University (IN),"$33,320","1,150",99%,980-1180,16-26,49%,11:1
Broward College,,"30,057",100%,N/A,N/A,0%,29:1
Buena Vista University,"$40,190","1,474",77%,930-1130,20-24,48%,12:1
Capital University,"$41,788","1,938",72%,960-1186,18-24,56%,9:1
Crowley's Ridge College,"$15,000",197,N/A,N/A,N/A,N/A,9:1
Eastern Mennonite University,"$40,990",958,95%,1040-1590,25-34,44%,11:1
Georgia Gwinnett College,,"11,030",94%,900-1120,15-20,4%,18:1
Mount Mary University,"$34,390",716,69%,990-1070,17-23,47%,7:1
North Carolina Wesleyan University,"$35,936","1,249",68%,860-1120,15-21,29%,13:1
Olivet Nazarene University,"$37,940","2,519",60%,930-1210,18-27,57%,14:1
Southwestern College,"$38,480","1,067",70%,920-1110,16-22,29%,9:1
University of Puerto Rico--Mayaguez,,"11,246",49%,N/A,N/A,4%,20:1
University of Tennessee Southern,,896,80%,1025-1160,19-23,24%,13:1
University of Wisconsin--Stevens Point,,"7,313",89%,1040-1220,19-25,38%,19:1
Barclay College,"$24,990",168,54%,N/A,N/A,33%,9:1
Dickinson State University,,"1,411",72%,875-1130,16-21,19%,14:1
Eastern Washington University,,"8,217",97%,N/A,N/A,26%,20:1
Lynn University,"$42,950","2,792",80%,1033-1185,21-25,43%,18:1
Wheeling University,"$28,290",594,73%,910-1130,17-22,37%,10:1
Defiance College,"$38,778",479,63%,810-1000,16-22,40%,10:1
Heritage University,"$19,500",811,N/A,N/A,N/A,29%,9:1
Marywood University,"$39,570","1,916",81%,1030-1200,18-26,57%,12:1
Molloy University,"$37,840","3,271",77%,1080-1310,24-28,46%,10:1
Northwest Nazarene University,"$39,370","1,140",88%,1000-1240,19-27,47%,11:1
Roger Williams University,"$42,666","4,103",91%,1120-1270,25-31,59%,14:1
Slippery Rock University of Pennsylvania,,"6,779",74%,960-1160,18-26,50%,20:1
Colorado Christian University,"$39,266","7,602",N/A,1130-1370,23-30,52%,16:1
Rochester University,"$26,735","1,087",98%,N/A,N/A,22%,11:1
Alcorn State University,,"2,346",30%,903-1115,15-24,32%,16:1
Emmanuel University,"$23,534",840,63%,950-1020,N/A,27%,12:1
Ferrum College,"$37,280",863,76%,920-1180,18-24,24%,12:1
Glenville State University,,"1,557",N/A,N/A,N/A,30%,17:1
Midwestern State University,,"4,818",92%,910-1130,17-23,23%,16:1
Minnesota State University--Moorhead,,"4,026",72%,1040-1180,19-25,39%,18:1
Piedmont University,"$30,680","1,245",64%,990-1200,19-25,41%,12:1
Southern Wesleyan University,"$27,820",896,52%,1013-1160,19-23,52%,12:1
University of Puerto Rico--Aguadilla,,"1,985",77%,863-1088,N/A,7%,20:1
University of Puerto Rico--Ponce,,"2,262",49%,N/A,N/A,10%,20:1
University of Texas Permian Basin,,"4,640",95%,910-1090,16-21,23%,18:1
Voorhees University,"$12,630",473,N/A,N/A,N/A,39%,13:1
Dunwoody College of Technology,"$25,659","1,359",88%,N/A,17-22,33%,12:1
Hannibal-LaGrange University,"$25,600",658,65%,1070-1317,19-24,32%,10:1
Heidelberg University,"$33,628",932,71%,1030-1162,19-24,49%,15:1
Lawrence Technological University,"$41,872","2,298",82%,1030-1270,22-30,22%,11:1
Notre Dame College of Ohio,"$31,950","1,376",82%,890-1100,16-22,20%,12:1
Assumption University,"$49,414","1,705",82%,N/A,N/A,70%,11:1
Mercyhurst University,"$44,510","2,446",86%,1050-1250,21-27,62%,15:1
Nazareth University,"$40,880","1,987",84%,1140-1320,24-28,62%,8:1
Notre Dame of Maryland University,"$41,910",660,70%,998-1303,N/A,51%,8:1
Salisbury University,,"6,378",91%,1180-1320,22-27,50%,14:1
SUNY Plattsburgh,,"4,004",70%,1050-1260,21-30,51%,15:1
Walla Walla University,"$33,027","1,314",65%,1030-1240,19-26,31%,13:1
Delta State University,,"1,889",99%,940-1280,17-24,30%,10:1
Francis Marion University,,"3,635",83%,890-1123,15-22,21%,13:1
Grace Christian University,"$22,350",969,100%,N/A,N/A,34%,14:1
Grace College and Seminary,"$29,048","1,598",83%,990-1220,19-27,69%,20:1
